state,county,tracts_in_calenviroscreen,population_2019_acs,avg_ces_percentile_pop_weighted,median_ces_percentile_tract,share_tracts_ces_pctl_75plus,avg_pm25_concentration_pop_weighted,avg_pm25_percentile_pop_weighted,share_tracts_pm25_pctl_75plus,avg_ozone_percentile_pop_weighted,avg_diesel_pm_percentile_pop_weighted,avg_traffic_percentile_pop_weighted,avg_pollution_burden_percentile_pop_weighted,avg_population_characteristics_percentile_pop_weighted,avg_poverty_percent_pop_weighted,avg_unemployment_percent_pop_weighted,avg_children_under10_percent_pop_weighted,avg_elderly_65over_percent_pop_weighted
California,Alameda,360,1656754,41.1,39.2,9.7,8.79,30.3,0.0,12.2,65.6,53.7,36.7,45.7,21.6,4.7,11.6,13.5
California,Alpine,1,1039,22.0,22.0,0.0,3.05,0.1,0.0,62.5,1.0,0.6,24.8,23.4,38.9,12.5,9.0,29.9
California,Amador,9,38429,39.5,36.6,0.0,8.2,20.4,0.0,66.9,4.2,7.7,38.9,41.1,23.6,6.9,7.7,26.7
California,Butte,51,225817,38.9,41.0,3.9,8.25,23.6,0.0,61.0,33.9,22.9,31.3,48.0,38.9,8.4,11.6,18.0
California,Calaveras,10,45514,33.6,28.3,0.0,8.65,29.9,0.0,71.0,3.2,4.8,27.3,40.9,28.2,6.9,9.4,27.5
California,Colusa,5,21454,55.6,53.9,0.0,7.59,13.2,0.0,38.0,11.2,2.5,50.8,54.2,36.5,4.3,15.0,14.4
California,Contra Costa,207,1142251,38.3,32.0,15.5,8.74,30.5,0.0,20.8,47.0,50.6,35.0,41.9,20.8,5.4,12.1,15.4
California,Del Norte,7,27495,41.3,36.7,0.0,5.8,3.1,0.0,2.8,11.3,8.9,10.0,77.8,44.8,7.7,11.0,17.2
California,El Dorado,42,188563,15.0,11.7,0.0,7.15,10.2,0.0,72.7,12.6,28.9,13.6,21.1,20.6,5.5,10.0,20.5
California,Fresno,199,984521,69.8,79.2,55.3,13.15,91.3,92.0,83.3,45.1,31.4,65.6,67.9,45.3,9.0,15.8,12.0
California,Glenn,6,27976,56.4,51.7,16.7,7.66,13.7,0.0,42.7,27.5,11.6,45.6,60.5,43.9,5.3,13.7,15.9
California,Humboldt,30,135940,33.7,31.4,0.0,6.08,3.8,0.0,2.1,18.0,17.6,14.0,56.1,41.8,7.9,10.8,17.3
California,Imperial,31,180701,76.3,78.9,58.1,9.41,40.6,6.5,54.6,34.5,31.9,61.4,79.1,46.5,14.3,15.7,12.6
California,Inyo,6,17977,25.4,25.9,0.0,4.42,0.7,0.0,37.1,6.9,11.7,16.4,45.4,27.6,3.9,11.7,22.8
California,Kern,151,887641,66.4,74.3,48.3,13.59,83.5,77.5,90.4,40.3,24.7,55.9,69.6,46.5,10.2,16.0,10.7
California,Kings,27,150691,73.1,76.1,51.9,13.53,89.7,85.2,80.5,29.7,14.1,56.5,76.4,43.1,7.8,15.3,10.0
California,Lake,15,64195,39.3,37.2,0.0,3.82,0.4,0.0,17.0,11.6,6.1,17.4,59.8,41.2,10.3,11.6,22.3
California,Lassen,9,30818,28.1,26.4,0.0,4.82,1.1,0.0,55.5,4.9,8.5,32.3,32.0,32.9,6.9,8.3,14.2
California,Los Angeles,2343,10081570,66.5,72.5,45.3,11.65,71.3,45.8,59.8,59.3,61.1,71.3,59.3,34.9,6.2,12.0,13.3
California,Madera,23,155433,70.4,77.1,60.9,11.72,76.6,60.9,77.0,34.3,32.9,63.6,69.4,43.2,9.0,15.4,13.8
California,Marin,55,259943,14.9,9.3,0.0,8.34,19.9,0.0,8.1,28.0,61.2,23.3,16.0,17.2,3.7,10.2,21.6
California,Mariposa,6,17420,31.9,25.1,0.0,8.31,23.4,0.0,75.4,0.5,0.6,14.0,55.4,36.8,9.1,8.9,27.5
California,Mendocino,20,87224,39.7,29.3,0.0,6.7,6.4,0.0,14.2,15.7,10.8,24.7,52.7,39.8,8.9,12.2,21.2
California,Merced,49,271382,79.6,80.4,75.5,11.66,72.2,55.1,72.4,40.0,29.5,68.2,79.7,45.7,12.1,16.1,11.0
California,Modoc,4,8907,39.7,26.0,0.0,4.51,0.8,0.0,50.6,4.0,1.4,22.0,54.0,44.6,9.1,10.9,27.0
California,Mono,3,14310,23.5,24.5,0.0,3.29,0.2,0.0,44.6,3.6,7.1,18.7,33.0,29.3,0.3,8.9,14.3
California,Monterey,93,433410,41.3,38.4,2.2,5.46,2.0,0.0,15.0,30.6,35.9,31.3,50.3,35.6,5.2,14.6,13.2
California,Napa,40,139623,35.7,32.2,0.0,9.15,36.6,0.0,17.5,39.0,42.0,38.8,36.1,22.0,4.4,10.4,18.6
California,Nevada,20,99244,21.9,16.1,0.0,6.61,7.9,0.0,75.1,13.2,18.1,25.1,24.5,27.1,4.8,9.1,26.5
California,Orange,582,3168044,44.5,40.6,14.1,11.3,65.1,28.7,53.3,52.6,64.5,59.7,35.7,25.6,4.6,11.8,14.4
California,Placer,84,385512,17.9,12.8,0.0,7.77,13.0,0.0,67.8,34.0,36.4,21.0,21.8,18.1,4.3,11.7,19.1
California,Plumas,7,18660,30.0,27.4,0.0,7.83,17.6,0.0,68.7,3.4,3.6,19.9,41.2,28.6,5.7,9.1,27.1
California,Riverside,453,2411439,49.4,48.2,15.0,10.18,51.5,28.0,87.9,42.0,48.0,39.6,56.7,33.7,7.6,13.5,14.1
California,Sacramento,317,1524553,45.9,45.1,15.5,8.74,30.7,0.0,52.5,44.4,49.5,31.6,58.2,32.9,6.7,13.2,13.7
California,San Benito,11,60376,49.9,52.0,0.0,4.99,1.1,0.0,22.2,39.0,23.7,35.3,61.9,25.7,6.9,13.2,12.5
California,San Bernardino,369,2149031,61.0,64.6,35.0,11.11,63.2,45.0,92.0,46.6,44.9,53.4,65.0,37.0,8.0,14.5,11.3
California,San Diego,627,3316073,35.3,31.0,8.0,9.61,42.5,3.0,42.6,47.5,49.0,38.8,36.2,28.0,6.2,12.2,13.7
California,San Francisco,195,874961,31.8,28.4,7.2,8.62,26.9,0.0,5.3,81.6,51.5,35.4,32.9,21.4,4.3,8.1,15.4
California,San Joaquin,139,742603,66.5,69.4,36.0,10.54,51.7,1.4,51.1,49.1,43.8,59.5,66.7,35.7,7.9,14.8,12.5
California,San Luis Obispo,53,282165,23.0,20.6,0.0,7.36,10.3,0.0,23.0,23.7,41.6,33.4,22.1,28.0,4.1,9.5,19.4
California,San Mateo,157,767423,31.8,22.2,4.5,8.35,20.4,0.0,9.4,51.8,58.5,36.9,31.9,16.7,3.6,11.6,15.8
California,Santa Barbara,89,444829,37.4,32.2,2.2,7.66,11.2,0.0,16.0,41.1,33.0,36.3,40.5,33.2,6.0,12.5,15.0
California,Santa Clara,372,1927470,30.1,25.3,3.0,8.22,19.5,0.0,21.6,57.5,62.4,33.5,33.0,18.0,4.3,12.1,13.2
California,Santa Cruz,52,273962,29.1,19.1,3.8,6.14,3.7,0.0,15.3,39.8,40.9,33.3,29.9,29.7,5.8,10.4,15.8
California,Shasta,48,179212,31.3,30.7,0.0,8.43,25.6,6.2,47.7,30.2,23.8,17.9,46.9,35.5,5.5,12.0,20.2
California,Sierra,1,3040,33.5,33.5,0.0,6.42,4.7,0.0,69.6,0.9,1.0,29.8,36.6,31.7,5.3,9.0,29.3
California,Siskiyou,14,43468,36.8,32.4,0.0,3.41,0.3,0.0,35.5,7.9,6.4,24.7,47.8,41.3,7.3,12.0,24.7
California,Solano,96,441829,45.0,42.4,13.5,8.47,24.6,0.0,24.1,42.2,49.1,32.1,55.9,24.3,6.1,12.2,15.2
California,Sonoma,99,499772,26.9,20.2,1.0,7.22,8.6,0.0,10.0,35.3,42.2,26.8,31.2,23.4,4.3,10.6,19.0
California,Stanislaus,94,543194,69.2,70.7,43.6,11.29,61.1,13.8,70.2,49.6,32.9,66.1,64.8,37.9,9.5,14.7,12.8
California,Sutter,21,96109,59.2,56.7,23.8,9.16,38.5,0.0,50.5,45.4,30.0,56.3,56.6,38.5,8.3,14.2,15.0
California,Tehama,11,63912,50.0,51.7,0.0,6.91,7.8,0.0,57.9,21.2,15.3,31.8,61.3,44.9,8.7,12.2,19.3
California,Trinity,5,12700,25.2,19.7,0.0,3.89,0.4,0.0,35.2,0.7,0.5,10.5,42.7,40.3,10.2,9.8,26.9
California,Tulare,78,461898,77.1,78.9,59.0,13.49,93.1,92.3,88.4,37.0,20.4,73.6,71.1,50.1,9.7,17.1,11.2
California,Tuolumne,11,54045,32.9,35.4,0.0,7.52,15.3,0.0,74.0,6.5,12.2,27.4,38.9,28.0,5.3,9.4,25.6
California,Ventura,173,847263,39.1,36.2,5.2,9.01,36.5,0.0,44.2,38.6,47.8,44.2,37.1,24.5,5.1,12.1,15.1
California,Yolo,41,217352,43.4,35.7,9.8,8.71,30.6,0.0,46.2,40.7,26.1,43.4,43.8,35.7,6.5,11.4,12.1
California,Yuba,14,76360,54.2,56.6,14.3,8.26,21.6,0.0,49.7,28.8,30.0,49.1,54.9,35.2,7.2,16.1,12.3
